"WorkID","INDEX","TITLE","ID NAME","DATE","SOLD","SALE DATE","DEALER","SHOTS","VARIAT_COU","LAYOUT","GenerID","CatID","TypeID","SubTypeID","SITTERS","COMMENT","REPRO","OWNER","PRICE","DISCOUNT","COMMENT4","COMMENT1","NAME","DATE_SHOOT","CITY_SHOOT","LOCATION OF PRODCTUCTION","TRANS_COMM","TRANS_NUMB","TRANS_SIZE","BACKGROUND","ACCESORIES","DUMMY FIELD","NOTES","CURRENT DATE"
1,80.30,"A CONTEMPLATION ON A BUST",,1987.00,0,0.00,"GORNEY",0.00,3.00,0,,,,,1.00,"with bust of Jeff Koons","(DAKIS JOANNOU, AT JAY GORNEY)","C&G",0.00,0,,"ON CONSIGNMENT TO GORNEY","DAKIS JOHNU",1987.00,"ATHENS","SUBJECT",,0.00,"4x5",,"BUST OF JEFF KOONS",2.00,"verify location of fields LOCATION_CITY_4 (5) OTHER PRINTS MENU 
AND LOCATION_CITY_2 (3) IN PROVANANCE MENU",1/22/1993 0:00:00
2,80.20,"A CONTEMPLATION ON A BUST",,1987.00,1,0.00,,0.00,2.00,0,,,,,1.00,,"(DAKIS JOANNOU)",,0.00,0,,,,0.00,,,,0.00,"4x5",,,0.00,,
3,80.10,"A CONTEMPLATION ON A BUST",,1987.00,1,0.00,,0.00,3.00,0,,,,,1.00,,"(DAKIS JOANNOU)",,0.00,0,,,,0.00,,,,0.00,"4x5",,,0.00,,
4,105.00,"A FAMILY PORTRAIT","Pacifico",1987.00,1,1987.00,"RUMMA",0.00,1.00,0,,,,,0.00,,"(THE PACIFICO FAMILY)",,6000.00,0,,,,0.00,,,,0.00,,,,0.00,,
5,81.00,"A FAMILY PORTRAIT","Dakis Joannou",1987.00,1,0.00,,0.00,1.00,0,,,,,0.00,,,,0.00,0,,,"Dakis Joannou Family",1987.00,"Athens","Subject",,0.00,"4x5",,,0.00,,
6,64.20,"A FAMILY PORTRAIT","Leibowitz",1986.00,1,1986.00,"NONE",0.00,2.00,0,,,,,4.00,,"ISRAELI MUSEUM CATALOGUE","ISRAELI MUSEUM",0.00,0,"Donated to the Israeli Museum by Mr. and Mrs. Leibowitz",,"LEIBOWITZ",1986.00,"New York","Studio",,0.00,"4x5",,,1.00,,
7,64.10,"A FAMILY PORTRAIT","Leibowitz",1986.00,1,1986.00,"NONE",0.00,2.00,0,,,,,4.00,,,"LEIBOWITZ",4000.00,0,"Sold through Bill Ehrlich",,"LEIBOWITZ",1986.00,"New York","Studio",,0.00,"4x5",,,0.00,,
8,99.00,"A GALLERY PROPRIETOR","Charles Cutright",1987.00,0,0.00,,0.00,1.00,0,1,,,,1.00,"Not produced todate",,,0.00,0,,,"Charles Cutwright",1987.00,"Paris","SUBJECT",,0.00,"4x5",,,0.00,,
9,1.00,"A Group Portrait of the Excutives of a World Wide Company","First piece",1980.00,1,1984.00,"Kubinkski",1.00,1.00,1,1,4,4,14,5.00,"One sitter is photographed twice","Kav-81, Stuttgart-  ,CAPC-,","Kubinkski",1000.00,0,"Promised to J.Kosuth by A.K.","Printed in NY and mounted in Stuttgart","Bill Rice, Rudolf, Michael, Zech",1980.00,"New York","Studio","6 Elements, 16""X20"" Layout shot on 4 8""X10"" transparencies which were retouched and masked layout at N.Neuman (London)",1.00,"8x10","None","World Map",4.00,"General notes:
1.add 'Like' to Which pieces in which show' query
2. work on 'show finder' & its query sister... change 'find' command to a search box
4. find how to position form on screen
5. optimelize scanning for image display !",7/19/1993 0:00:00
10,97.00,"A MATRIMONIAL PORTRAIT","Danhizer",1987.00,1,0.00,"Gorney",0.00,1.00,0,,,,,2.00,,"(DANHIZER'S)","C&G",0.00,0,,,,0.00,,,,0.00,,,,0.00,,
11,94.00,"A MATRIMONIAL PORTRAIT","Frohelich",1987.00,1,0.00,,0.00,1.00,0,,,,,0.00,,"(FROELICH)",,0.00,0,,,,0.00,,,,0.00,,,,0.00,,
12,59.10,"A MATRIMONIAL PORTRAIT","J. & V. Kosuth",1986.00,1,1986.00,"C&G",0.00,2.00,0,,,,,2.00,,,"KOSUTH / BRAUNSCHWIG",2000.00,0,"Direct sale to J.K.","One Panel at J. Kosuth the other at V. Braunschwig",,0.00,,,,0.00,"4x5",,,0.00,,
13,72.20,"A MATRIMONIAL PORTRAIT WITH A BLACK BOOK",,1986.00,1,0.00,,0.00,2.00,0,,,,,2.00,,"(N.KLAGSBURN)",,0.00,0,,,,0.00,,,,0.00,"4x5",,,0.00,,
14,72.10,"A MATRIMONIAL PORTRAIT WITH A BLACK BOOK","Klgsbrun",1986.00,1,0.00,,0.00,2.00,0,,,,,2.00,,"(N.KLAGSBURN)","Klagsburn",0.00,0,,,,0.00,,,,0.00,"4x5",,,0.00,,
15,109.00,"A PORTRAIT OF A MAN WITHOUT A TIE","Silvio",1987.00,1,1987.00,"RUMMA",0.00,1.00,0,,,,,0.00,,"(SILVIO)",,6000.00,0,,,,0.00,,,,0.00,,,,0.00,,
16,98.00,"A PORTRAIT OF AN ARTIST","D. Robbins",1987.00,1,0.00,,0.00,1.00,0,,,,,1.00,,"(COLLABORATION WITH DAVID ROBBINS)",,0.00,0,,,,0.00,,,,0.00,,,,0.00,,
17,114.00,"A SMALL PORTRAIT OF A LADY",,1987.00,1,1987.00,"RUMMA",0.00,1.00,0,,,,,0.00,,"(?)",,6000.00,0,,,,0.00,,,,0.00,,,,0.00,,
18,31.00,"ABASCO-BASCO",,1985.00,0,0.00,"None",0.00,1.00,0,2,,,,0.00,"First Still Life",,"C&G",0.00,0,,"Type C- Print, print at Gladbacherstr.19",,1985.00,"Tel Aviv","Studio","Exsits also as 4x5 Negative",0.00,"4x5",,,2.00,,
19,11.00,"ALLEGORY OF THE SECRET ALLEGIANCE","The Secret Allegiance",1982.00,1,1985.00,"LOERL",1.00,1.00,1,,,,,3.00,,"General Caltalgue of Monchengladbach Museum","MONCHENGLADBACH MUSEUM",0.00,0,"COLLECTION OF STADTISCHES MUSEUM - MONCHENGLADBACH",,"VARIOUS, PARENT",0.00,"NY & BRUSSELS","Subject",,0.00,"4x5","YMCA-4","NONE",0.00,,
20,9.00,"AN ALLEGORY OF CORPORATE MOBILITY",,1982.00,1,1985.00,"KUBINSKI",1.00,1.00,0,,,,,0.00,"LAYOUT,8 ELEMENTS,PRODUCED IN BELGIUM",,"MAYER",0.00,0,,,"VARIOUS",0.00,,"NEW YORK,ISRAEL",,0.00,"4x5","YMCA-2","NONE",0.00,,
21,113.00,"AN ALLEGORY OF HETROSEXUAL LOVE",,1987.00,1,1987.00,"RUMMA",0.00,1.00,0,,,,,0.00,,"(PAULA & ?,  FOR SALE ?)",,6000.00,0,,,,0.00,,,,0.00,,,,0.00,,
22,10.00,"AN ALLEGORY OF THE APOTHEOSIS",,1982.00,1,1989.00,"LORL-MONCHENGLADBACH",1.00,1.00,0,,,,,0.00,"LAYOUT,8 ELEMENTS,PRODUCED IN BELGIUM",,"?- ANTWERP",0.00,0,,,"VARIOUS",0.00,,"NY,BELGIUM",,0.00,"4x5","NONE","NONE",0.00,,
23,65.20,"AN AMERICAN FAMILY",,1986.00,1,0.00,,0.00,2.00,0,,,,,0.00,,"(COLTON'S AT THE ISRAELI MUSEUM)",,0.00,0,,,,0.00,,,,0.00,"4x5",,,0.00,,
24,65.10,"AN AMERICAN FAMILY",,1986.00,1,0.00,,0.00,2.00,0,,,,,4.00,,"(COLTON'S)",,0.00,0,,,,0.00,,,,0.00,"4x5",,,0.00,,
25,79.00,"AN AMERICAN FAMILY: A REJECTED COMMISSION",,1987.00,1,1988.00,"GORNEY",0.00,1.00,0,,,,,0.00,,,"CAPC BORDEAUX",0.00,0,,,,0.00,,,,0.00,"4x5",,,0.00,,
26,34.00,"ARAC EXTRA",,1985.00,0,0.00,,0.00,1.00,0,2,,,,0.00,,"(? IMAGE AT A.KUBINSKI)",,0.00,0,,,,0.00,,,,0.00,"4x5",,,0.00,,
27,75.20,"ARTISTS AND MODELS",,1986.00,0,0.00,,0.00,2.00,0,,,,,2.00,,"(GUNTER FORG, COL.FORG ?)",,0.00,0,,,,0.00,,,,0.00,"4x5",,,0.00,,
28,75.10,"ARTISTS AND MODELS",,1986.00,1,0.00,,0.00,2.00,0,,,,,2.00,,"(GUNTER FORG, COL.FORG ?)",,0.00,0,,,,0.00,,,,0.00,"4x5",,,0.00,,
29,53.20,"BREAKING OLD HABITS",,1985.00,1,0.00,,0.00,2.00,0,,,,,0.00,,"(SOLD THROUGH NAGEL,)",,0.00,0,,,,0.00,,,,0.00,"4x5",,,0.00,,
30,53.10,"BREAKING OLD HABITS",,1985.00,1,0.00,,0.00,2.00,0,,,,,0.00,,"(SOLD THROUGH A.KUBINSKI,SWIZERLAND ?)",,0.00,0,,,,0.00,,,,0.00,"4x5",,,0.00,,
31,68.20,"COME SATURDAY MORNING",,1986.00,1,0.00,,0.00,3.00,0,,,,,2.00,,"(THE SOSNICKS')",,0.00,0,,,,0.00,,,,0.00,"4x5",,,0.00,,
32,88.20,"CORPORATE CHOIR",,1987.00,1,1989.00,"Gorney",0.00,2.00,0,,,,,0.00,,"(SOLD THROUGH GORNEY)","Beckman Ford",12000.00,1,,,,0.00,,,,0.00,,,,0.00,,
33,52.20,"CORPORATE MUSIC","Melos Quartet",1985.00,1,0.00,,0.00,2.00,0,,,,,0.00,,"(ASK CABLE)",,0.00,0,,,"MELOS QUARTET",1985.00,"STUTTGART","Subject",,0.00,"4x5","HAMBURG","MUSICAL INSTRUMENTS",0.00,,
34,112.00,"CORPORATION OF CHILDREN",,1987.00,1,1987.00,"RUMMA",0.00,1.00,0,,,,,0.00,,"(SALERNO FAMILY)",,6000.00,0,,,,0.00,,,,0.00,,,,0.00,,
35,39.20,"ECHT KOLNISH KOLNISH WASSER",,1985.00,1,0.00,,0.00,2.00,0,2,,,,0.00,,"(COLLECTION L.ROMER)",,0.00,0,,,,0.00,,,,0.00,"4x5",,,0.00,,
36,39.10,"ECHT KOLNISH KOLNISH WASSER",,1985.00,1,0.00,,0.00,2.00,0,2,,,,0.00,,"(ROLF MAYER - WITH LIGHT)",,0.00,0,,,,0.00,,,,0.00,"4x5",,,0.00,,
37,7.10,"ET IN ARCADIA EGO & CO.",,1982.00,1,1987.00,"GORNEY",0.00,2.00,0,,,,,4.00,"REMADE, ORIGINAL ?(CABLE), # OF PANELS ?",,"KOSMIN",0.00,0,,,"VARIOUS",0.00,"New York","Studio",,0.00,"4x5","YMCA-3","NONE",0.00,,
38,7.20,"ET IN ARCADIA EGO & CO.",,1982.00,1,1985.00,"KUBINSKI",0.00,2.00,0,,,,,0.00,"WAS RESOLD WHERABOUTS ?",,"LOERL DITMAR",0.00,0,,,"VARIOUS",0.00,,"NEW YORK",,0.00,"4x5","YMCA-3","NONE",0.00,,
39,2.20,"EXECUTIVES OF THE STEEL INDUSTRY VERSUS EXECUTIVES OF THE TEXTILE INDUSTRY",,1981.00,0,0.00,"None",1.00,2.00,1,1,4,4,14,9.00,"One Domier illustration in the background",,"C&G",0.00,,,"Print in at the NY studio","VARIOUS BEN-ELI SVARTENBERG RICE",1980.00,"NY , ISRAEL","VARIOUS","Printed from the same trans. as piece # 2.1, original layout at N.Neuman (London)",1.00,"4x5","NONE","DRAWING",0.00,,
40,2.10,"EXECUTIVES OF THE STEEL INDUSTRY VERSUS EXECUTIVES OF THE TEXTILE INDUSTRY","The Seven Good Executives and the Seven Bad Executives",1981.00,0,0.00,"NONE",1.00,2.00,1,1,,,,12.00,"Two Domier illustrations are used in the background","Kav-81,Stuttgart-88, CAPC-89","CLEGG & GUTTMANN",0.00,0,,"remade for CAPC show printed in NY, Mounted in Stuttgart and framed in Bordeaux","Various, Ben-Eli, Svartenberg, Rice",1980.00,"NY , ISRAEL","Subject","14 elements, shot from layout (at N.Neuman) on 8 4""x5"" transparencies, which were retouched and masked",1.00,"4x5","Domier drawings","None",3.00,,5/10/1993 0:00:00
41,67.10,"FAMILY PORTRAIT","The Lanes",1986.00,1,0.00,,0.00,2.00,0,,,,,4.00,,,,0.00,0,,,,0.00,,,,0.00,"4x5",,,0.00,,
42,37.00,"GOVERNER OF BOMBAY",,1985.00,1,0.00,,0.00,1.00,0,2,,,,0.00,,"(ROLF MAYER, FROM P.SCHWARZ)",,0.00,0,,,,0.00,,,,0.00,"4x5",,,0.00,,
43,54.20,"GRAND MASTER",,1985.00,1,0.00,,0.00,2.00,0,,,,,0.00,,"(SMALL, SOLD THROUGH JAY ?)",,0.00,0,,,,0.00,,,,0.00,"4x5",,,0.00,,
44,54.10,"GRAND MASTER",,1985.00,0,0.00,,0.00,2.00,0,,,,,1.00,,"(SOLD THROUGH KUBINSKI ?)",,0.00,0,,,,0.00,,,,0.00,"4x5",,,0.00,,
45,83.00,"GROUP PORTRAIT OF THREE BOYS","Maringoff",1987.00,1,0.00,,0.00,1.00,0,,,,,3.00,,"(THE MARINGOFF CHILDREN)",,0.00,0,,,,0.00,,,,0.00,,,,0.00,,
46,3.10,"GROUP PORTRAIT OF EXECUTIVES WITH TITIAN'S ALLEGORY OF PRUDENCE",,1981.00,0,0.00,"NONE",0.00,2.00,1,,,,,3.00,"Allegory of Prudence in large size",,"CLEGG & GUTTMANN",0.00,0,"The piece has to be reprinted...","last seen at Sabina Streeter's loft circa 1981 current wherabouts unknown","RICE ZEC BEN-ELI",1980.00,"NY ISRAEL","VARIOUS","made from 3 originals: Zec & Bill (# trans.) Ben-Eli (0 trans.) Titian (2 B&W trans.) reproduction is from a print",0.00,"4x5","NONE","PAINTING",1.00,"Wherabouts unknown (lead: Sabina Streeter - ""Janakos"")",7/22/1993 0:00:00
47,3.20,"GROUP PORTRAIT OF EXECUTIVES WITH TITIAN'S ALLEGORY OF PRUDENCE",,1981.00,1,1984.00,"KUBINSKI",1.00,2.00,1,,,,,3.00,"Allegory of Prudence in small size","Kav-81,Stuttgart-88, CAPC-89","KUBINSKI",1000.00,0,"The piece is at the Kunbinski gallery in Stuttgart","The current print is framed behind glass","RICE ZEC BEN-ELI",1980.00,"NY , ISRAEL","VARIOUS","made from 3 originals: Zec & Bill (# trans.) Ben-Eli (0 trans.) Titian (2 B&W trans.) reproduction is from a print",0.00,"4x5","NONE","PAINTING",0.00,,
48,38.00,"HANGING KIWI",,1985.00,1,0.00,,0.00,1.00,0,2,,,,0.00,,"(ROLF MAYER)",,0.00,0,,,,0.00,,,,0.00,"4x5",,,0.00,,
49,24.10,"HE FOUND IT AND THE WORLD WILL HAVE TO LISTEN",,1984.00,1,0.00,,0.00,2.00,0,,,,,1.00,,"(Collection P.)",,0.00,0,,,,0.00,,,,0.00,"4x5",,,0.00,,
50,24.20,"HE FOUND IT AND THE WORLD WILL HAVE TO LISTEN",,1984.00,1,0.00,,0.00,2.00,0,,,,,1.00,,"(Collection P.?)",,0.00,0,,,,0.00,,,,0.00,"4x5",,,0.00,,
51,47.00,"HIRSCHQUELLE QUELLE",,1985.00,0,0.00,,0.00,1.00,0,2,,,,0.00,,"(?)",,0.00,0,,,,0.00,,,,0.00,"4x5",,,0.00,,
52,25.10,"I'M HERE TO STAY",,1984.00,1,0.00,,0.00,2.00,0,,,,,0.00,,"(Collection P.)",,0.00,0,,,,0.00,,,,0.00,"4x5",,,0.00,,
53,25.20,"I'M HERE TO STAY",,1984.00,1,0.00,,0.00,2.00,0,,,,,1.00,,"(Collection P.?)",,0.00,0,,,,0.00,,,,0.00,"4x5",,,0.00,,
54,15.00,"ILLUSTRATION FOR CONTE DROLATIQUE I",,1983.00,0,0.00,,0.00,1.00,1,,,,,0.00,,"No",,0.00,0,,,,0.00,,,,0.00,"4x5",,,0.00,,
55,16.00,"ILLUSTRATION FOR CONTE DROLATIQUE II",,1983.00,0,0.00,,0.00,1.00,1,,,,,2.00,,,,0.00,0,,,,0.00,,,,0.00,"4x5",,,0.00,,
56,17.00,"ILLUSTRATION FOR CONTE DROLATIQUE III (THE KISS)",,1983.00,1,0.00,"Cable Gallery",0.00,1.00,0,,,,,2.00,,"No","Klagsburn",0.00,0,,,,0.00,,,,0.00,"4x5",,,0.00,,
57,42.00,"KIWI NEUTRAL",,1985.00,1,0.00,,0.00,1.00,0,2,,,,0.00,,"(COLLECTION N.KLAGSBURN, WITH 'GUITAR')",,0.00,0,,,,0.00,,,,0.00,"4x5",,,0.00,,
58,56.00,"KIWI NEUTRAL LIBERTY",,1986.00,0,0.00,,0.00,1.00,0,2,,,,0.00,,"PART OF THE BARNEY'S SHOW, SEE POSTCARD",,0.00,0,,,,0.00,,,,0.00,"4x5",,,0.00,,
59,49.00,"KIWI NEUTRAL WITH AFRICAN BUST",,1985.00,1,0.00,,0.00,1.00,0,2,,,,0.00,,"(SHOWN INFOTENMENT)",,0.00,0,,,,1985.00,"Stuttgart","Studio","at 107 Olga Str. - Achim Kubinski Gallery and 1st floor studio",1.00,"4x5","Black","African Bust, Cofee",0.00,,
60,45.00,"KIWI NEUTRAL WITH SCHULTZ","Kiwi and Black Cat",1985.00,1,0.00,,0.00,1.00,0,2,,,,0.00,,"(COL. P.C.? MAYBE A.KUBINSKI)",,0.00,0,,,,0.00,,,,0.00,"4x5",,,0.00,,
61,50.00,"KIWI WHITE AND KIWI NEUTRAL",,1985.00,0,0.00,,0.00,1.00,0,2,,,,0.00,,,,0.00,0,,,,0.00,,,,0.00,"4x5",,,0.00,,
62,48.00,"KIWI WHITE EDITION","Kiwe with Tea Srainer",1985.00,0,0.00,,0.00,1.00,0,2,,,,0.00,,"(EDITION OF 1000 CABLE INVITATION)",,0.00,0,,,,0.00,,,,0.00,"4x5",,,0.00,,
63,115.10,"LA FINANZIARIA",,1987.00,1,1987.00,"RUMMA",0.00,2.00,0,1,1,4,16,8.00,,"(WITH PIA , 8 FIGURES)",,6000.00,0,,,,1986.00,"Naples","Subject",,10.00,"4x5",,"Table",0.00,,
64,35.10,"LARGE BASCO-TABASCO",,1985.00,1,0.00,,0.00,2.00,0,2,,,,0.00,,"(ROLD MAYER)",,0.00,0,,,,0.00,,,,0.00,"4x5",,,0.00,,
65,51.20,"LARGE PICKA-PEPPA",,1985.00,0,0.00,,0.00,2.00,0,2,,,,0.00,,"(SHOWN INFOTENMENT)",,0.00,0,,,,0.00,,,,0.00,"4x5",,,0.00,,
66,26.10,"LETZ TER VERSUCH","Natalie with Violin",1984.00,1,0.00,,0.00,2.00,0,1,,,,2.00,"Girl standing",,,0.00,0,,,"David and Natali Schwarz",1984.00,"Stuttgart","Kubinski Gallery",,0.00,"4x5","Kosuth pieces","Musical Instruments",0.00,,
67,26.20,"LETZTER VERSUCH","David with Violin",1984.00,1,0.00,"Kubinski",0.00,2.00,0,1,,,,2.00,"Boy standing",,"Lhoerl",0.00,0,,,"David and Natali Schwarz",1984.00,"Stuttgart","Kubinski Gallery",,0.00,"4x5","Kosuth Cathexis","Musical instruments",0.00,,
68,91.10,"MATRIMONIAL PORTRAIT",,1987.00,1,0.00,,0.00,2.00,0,,,,,2.00,,"(ALSO CALLED: 'THE FOUNDERS OF ATLANTES')",,0.00,0,,,,0.00,,,,0.00,,,,0.00,,
69,67.20,"MATRIMONIAL PORTRAIT","The Lanes",1986.00,1,0.00,,0.00,2.00,0,,,,,2.00,,"Israeli Museum Catalogue",,0.00,0,,,,0.00,,,,0.00,"4x5",,,0.00,,
70,82.00,"MATRIMONIAL PORTRAIT OF AN ELEDERLY COUPLE","Dakis Joannou",1987.00,1,0.00,,0.00,1.00,0,,,,,0.00,,"(DAKIS JOANNOU)",,0.00,0,,,,0.00,,,,0.00,,,,0.00,,
71,108.00,"MATRIMONIAL PORTRAIT WITH AN ALABASTER CUP","Pia & Salvatore",1987.00,1,1987.00,"RUMMA",0.00,1.00,0,,,,,0.00,,"(PIA & SALVATORE ?)",,6000.00,0,,,,0.00,,,,0.00,,,,0.00,,
72,107.00,"MATRIMONIAL PORTRAIT WITH ROMAN BUST","Roman couple",1987.00,1,1987.00,"RUMMA",0.00,1.00,0,,,,,0.00,,"(ROMAN COUPLE W&B)",,6000.00,0,,,,0.00,,,,0.00,,,,0.00,,
73,52.10,"MELOS","Melos Quartet",1985.00,1,0.00,"KUBINKSI",0.00,2.00,0,,,,,0.00,,"(STATTS GALLERY ?)","STATTS GALLERIE",1000.00,0,"Part of the '10'",,"MELOS QUARTET",1985.00,"STUTTGART","Subject",,0.00,"4x5","HAMBURG",,0.00,,
74,104.00,"MOTHER AND DAUGHTER","Valentino",1987.00,1,1987.00,"RUMMA",0.00,1.00,0,1,,,,0.00,,"(BIANCA VALENTINO AND DAUGHTER)",,6000.00,0,,,,0.00,,,,0.00,,,,0.00,,
75,18.10,"NOW THAT HE STARTED HE WILL NEVER STOP",,1983.00,1,0.00,,0.00,2.00,1,,,,,1.00,"looking left (reversed image, larger)",,,0.00,0,,,,0.00,,,,0.00,"4x5",,,0.00,,
76,18.20,"NOW THAT HE STARTED HE WILL NEVER STOP",,1983.00,1,0.00,"Kubinski",0.00,2.00,1,,,,,1.00,"looking right (see comment in 18,1)","No","Stressel",0.00,0,,,,0.00,,,,0.00,"4x5",,,0.00,,
77,36.00,"OCSAB",,1985.00,1,0.00,,0.00,1.00,0,2,,,,0.00,,"(ROLF MAYER)",,0.00,0,,,,0.00,,,,0.00,"4x5",,,0.00,,
78,21.20,"OF CERTAIN MEN WHO ATE US",,1984.00,0,0.00,"GORNEY",0.00,2.00,0,,,,,0.00,"Figure looked at is sitted looking left (see polaroid)",,"GOLDBERG",0.00,0,,"remade at Chromprint 1992",,1984.00,"NEW YORK","Studio",,0.00,"4x5",,,0.00,,
79,21.10,"OF CERTAIN MEN WHO ATE US",,1984.00,1,0.00,,0.00,2.00,0,,,,,0.00,,"Postcard for Fabre show",,0.00,0,,,,0.00,,,,0.00,"4x5",,,0.00,,
80,87.20,"OUR PRODUCTION / THE PRODUCTION OF OTHERS",,1987.00,1,0.00,"LEAVIN MARGO",0.00,2.00,0,,,,,4.00,,"(SOLD THROUGH A. AKIDA W. SILVER FRAME)",,0.00,0,,,,0.00,,,,0.00,,,,0.00,,
81,87.10,"OUR PRODUCTION / THE PRODUCTION OF OTHERS",,1987.00,0,0.00,"Jay Gorney",0.00,2.00,0,,,,,4.00,,"(THE SCHWEBER GIRLS)","C&G",0.00,0,,,,0.00,,,,0.00,,,,0.00,,
82,41.00,"PELICAN (WITH AFRICAN OBJECTS)",,1985.00,0,0.00,,0.00,1.00,0,2,,,,0.00,,"(C_PRINT,SHOT IN ISRAEL)",,0.00,0,,,,1985.00,"ISRAEL",,,0.00,"4x5",,,0.00,,
83,44.00,"PICKAPECKA-PICKA",,1985.00,1,0.00,,0.00,1.00,0,2,,,,0.00,,"IMAGE OF TWO PICKAPECKA BOTTELS HANGAING WITH SHOE TOOL ?",,0.00,0,,,,0.00,,,,0.00,"4x5",,,0.00,,
84,58.10,"PORTRAIT OF A BOY","Gardiner Comfort",1986.00,1,0.00,"Steve Rehicard",0.00,2.00,0,,,,,1.00,,"(""GARDINER COMFORT"")","Jean Comfort",0.00,0,"Steve gave the portrait as present and paid?",,,0.00,,,,0.00,"4x5",,,0.00,,
85,58.20,"PORTRAIT OF A BOY","Gardiner Comfort",1986.00,0,0.00,,0.00,2.00,0,,,,,1.00,,"(AT JAY GORNEY, with a bird's cage)",,0.00,0,,,,0.00,,,,0.00,"4x5",,,0.00,,
86,101.00,"PORTRAIT OF A MAN WITH A GIACOMETTI","Landau",1987.00,1,0.00,,0.00,1.00,0,,,,,0.00,,"(MARC LANDAU)",,0.00,0,,,,0.00,,,,0.00,,,,0.00,,
87,77.00,"PORTRAIT OF A MAN WITH A YOUNG WOMEN","L. Campania",1986.00,1,0.00,,0.00,1.00,0,,,,,0.00,,"(LOUIS CAMPANIA ?)",,0.00,0,,,,0.00,,,,0.00,"4x5",,,0.00,,
88,102.00,"PORTRAIT OF A WOMAN WITH A LANDSCAPE IN THE BACKGROUND","Natalie and young Dealer",1987.00,0,0.00,,0.00,1.00,0,1,,,,1.00,,"(NATALIE )",,0.00,0,,,,0.00,,,,0.00,,,,0.00,,
89,110.00,"PORTRAIT OF A YOUNG WOMAN","Romina",1987.00,1,1987.00,"RUMMA",0.00,1.00,0,,,,,0.00,,"(ROMINA)",,6000.00,0,,,,0.00,,,,0.00,,,,0.00,,
90,69.20,"PORTRAIT OF A YOUNG WOMAN",,1986.00,1,0.00,,0.00,2.00,0,,,,,1.00,,"(MICHELE, SOLD THROUGH J.GORNEY)",,0.00,0,,,,0.00,,,,0.00,"4x5",,,0.00,,
91,69.10,"PORTRAIT OF A YOUNG WOMAN",,1986.00,1,0.00,"DEHER",0.00,2.00,0,,,,,1.00,,"(MICHELE AT A.KUBINSKI COL.)","MORDES",0.00,0,,,,0.00,,,,0.00,"4x5",,,0.00,,
93,106.00,"PORTRAIT OF A YOUNG WOMAN WITH GRAPES","Lia's Niece",1987.00,1,1987.00,"RUMMA",0.00,1.00,0,,,,,0.00,,"(LIA'S NIECE)",,6000.00,0,,,,0.00,,,,0.00,,,,0.00,,
94,74.00,"PORTRAIT OF A YOUTH WITH A BUST","Patrice",1986.00,1,0.00,,0.00,1.00,0,,,,,0.00,,"(PATRICE)",,0.00,0,"not produced! (3/16/97)",,"PATRICE",1986.00,"NEW YORK","Studio",,8.00,"4x5",,"ELEVIS BUST, CANE,",0.00,"not produced, 4x5 original sent to Margo Leavin 3/16/97",3/16/1997 0:00:00
95,71.00,"PORTRAIT OF AN ARTIST","Kippenberger",1986.00,1,0.00,"C&G",0.00,1.00,0,,,,,1.00,,"(M.KIPPENBERGER)","KIPPENBERGER",0.00,0,"An exchange",,"Kippenberger",1986.00,"Duessledorf","Studio",,0.00,"4x5",,,0.00,,
96,62.20,"PORTRAIT OF AN ARTIST","Donald Bechler",1986.00,1,0.00,,0.00,2.00,0,,,,,1.00,,"(D.BECHLER AT ART DEJOUNG)",,0.00,0,,,,0.00,,,,0.00,"4x5",,,0.00,,
97,62.10,"PORTRAIT OF AN ARTIST","Donald Bechler",1986.00,1,0.00,,0.00,2.00,0,,,,,1.00,,"(D.BECHLER)",,0.00,0,,"SOLD TO ?","DONALD BEACHLER",1986.00,"NEW YORK","SUBJECT",,0.00,"4x5",,"NONE",0.00,,
98,95.00,"PORTRAIT OF AN ARTIST IN HIS STUDIO AND THE MUSEUM","Otterson",1987.00,0,0.00,,0.00,1.00,0,,,,,1.00,,"(JOEL OTTERSON FOR MOMA POSTER)",,0.00,0,,,,0.00,,,,0.00,,,,0.00,,
99,103.00,"PORTRAIT OF FRIENDSHIP","'The Contract'",1987.00,1,1987.00,"RUMMA",0.00,1.00,0,1,,,,0.00,,"(ALSO CALLED: 'THE CONTRACT')",,6000.00,0,,,,0.00,,,,0.00,,,,0.00,,
100,8.00,"PORTRAIT OF FRIENDSHIP","Hecht",1982.00,0,0.00,,0.00,1.00,0,,,,,2.00,"Whereabouts unknown",,,0.00,0,,,"Hecht",1984.00,"New York","STUDIO",,5.00,"4x5","YMCA-4",,0.00,,
101,92.00,"PORTRAIT OF THREE YOUTHS","Schlon",1987.00,1,0.00,,0.00,1.00,0,,,,,0.00,,"(THE SCHLON'S CHILDREN)",,0.00,0,,,,0.00,,,,0.00,,,,0.00,,
102,85.20,"PORTRAIT OF THREE YOUTHS",,1987.00,1,0.00,,0.00,2.00,0,,,,,3.00,,"(THE MACKLOW DUAGHTER, SON & SON IN LAW)",,0.00,0,,,,0.00,,,,0.00,,,,0.00,,
103,22.20,"PORTRAIT OF TWO CHILDERN","Valerie Braunschwig's children",1984.00,1,1984.00,"CABLE ?",0.00,2.00,0,,,,,2.00,,,"BRAUNSCHWIG",4000.00,0,"Direct sale to the parents of Valerie",,"VLADIMIR & GREGORY (KOSUTH)",1984.00,"New York","STUDIO",,0.00,"4x5",,"None",0.00,,
104,93.00,"PORTRAIT OF TWO CHILDREN","J. Schopper",1987.00,1,0.00,,0.00,1.00,0,,,,,0.00,,"(THE JOE SCHOPPER'S KIDS)",,0.00,0,,,,0.00,,,,0.00,,,,0.00,,
105,91.20,"PORTRAIT OF TWO MEN AND A WOMAN",,1987.00,1,0.00,,0.00,2.00,0,,,,,3.00,,"(ALSO CALLED: 'THE FOUNDERS OF ATLANTES')",,0.00,0,,,,0.00,,,,0.00,,,,0.00,,
106,100.00,"PORTRAIT OF TWO SISTERS","Hussenot",1987.00,0,0.00,,0.00,1.00,0,,,,,0.00,,"(FRENCH SISTERS ? GISLAIN ? PRODUCED ?)",,0.00,0,,,,0.00,,,,0.00,,,,0.00,,
107,96.00,"PORTRAIT OF TWO SISTERS","Salvioni",1987.00,1,0.00,,0.00,1.00,0,,,,,2.00,,"(SALVIONI)",,0.00,0,,,,0.00,,,,0.00,,,,0.00,,
108,86.10,"PORTRAIT OF TWO SISTERS","Menuchin?",1987.00,1,1988.00,"GORNEY",0.00,2.00,0,,,,,2.00,,"(THE SCHWEBER GIRLS)",,0.00,0,,,,0.00,,,,0.00,,,,0.00,,
109,86.20,"PORTRAIT OF TWO SISTERS",,1987.00,1,1988.00,"GORNEY",0.00,2.00,0,1,,,,2.00,,"(THE SCHWEBER GIRLS)","CAPC BORDEAUX",0.00,0,,,,0.00,,,,0.00,,,,0.00,,
110,85.10,"PORTRAIT OF TWO YOUTHS WITH A BUST OF MARIE-ANTOINETTE",,1987.00,1,1988.00,"GORNEY",0.00,2.00,0,,,,,2.00,,"(THE MACKLOW'S)","CAPC BORDEAUX",0.00,0,,,,0.00,,,,0.00,,,,0.00,,
111,22.10,"PORTRAIT OF VLADIMIR & GREGORY","Valerie Braunschwig's children",1984.00,1,1984.00,"C&G",0.00,2.00,0,,,,,2.00,"First Commission",,"VALRIE KOSUTH",2000.00,0,"Direct Sale to Joseph Kosuth",,"VLADIMIR & GREGORY (KOSUTH)",1984.00,"NEW YORK","Studio",,0.00,"4x5",,"NONE",0.00,,
112,60.00,"PORTRIAT OF TWO SISTERS WITH A COPY OF TITIAN","Menuchin",1986.00,1,0.00,,0.00,1.00,0,,,,,2.00,,,,0.00,0,,,,0.00,,,,0.00,"4x5",,,0.00,,
113,68.10,"QUEEN GAMBIT DECLINED",,1986.00,1,0.00,,0.00,3.00,0,,,,,2.00,,"(THE SOSNICKS'- THE CHESS GAME)",,0.00,0,,,,0.00,,,,0.00,"4x5",,,0.00,,
114,43.10,"QUINK QUINK","Parker pens and tongue",1985.00,1,0.00,,0.00,1.00,0,2,,,,0.00,,"(COLLECTION ACHIM KUBINSKI)",,0.00,0,,,,0.00,,,,0.00,"4x5",,,0.00,,
115,188.20,"SELF PORTRAIT WITH A STILL LIFE",,1987.00,0,1990.00,"SERPA",0.00,2.00,0,,,,,2.00,,"""JE EST UN AUTRE""","?",0.00,0,"NOT PAID","On loan to Lyon","C&G",1987.00,"New York","STUDIO","there may be more transparencies (Portugal ?)",6.00,"4x5","GRAND MASTER","MIRROR",0.00,,
116,188.10,"SELF PORTRAIT WITH A STILL LIFE",,1987.00,0,0.00,"NAGEL",0.00,2.00,0,,,,,2.00,,"No","C&G",12500.00,0,,"On loan to Lyon","C&G",1987.00,"NEW YORK","STUDIO","there may be more transparencies (Portugal ?)",6.00,"4x5","GRAND MASTER","MIRROR",0.00,,
117,40.00,"SILVER TABASCO",,1985.00,1,0.00,,0.00,1.00,0,2,,,,0.00,,"(C-PRINT)",,0.00,0,,,,1985.00,"Tel Aviv - MC","Studio",,1.00,"4x5",,,0.00,,
118,35.20,"SMALL BASCO-TABSCO",,1985.00,1,0.00,,0.00,2.00,0,2,,,,0.00,,"(AT A.KUBINSKI)",,0.00,0,,,,0.00,,,,0.00,"4x5",,,0.00,,
119,51.10,"SMALL PICKA-PEPPA",,1985.00,0,0.00,,0.00,2.00,0,2,,,,0.00,,"(HUNGING PICK..., DUCHUMP STYLE)",,0.00,0,,,,0.00,,,,0.00,"4x5",,,0.00,,
120,55.30,"SOUTHERN COMFORT",,1985.00,0,0.00,,0.00,3.00,0,2,,,,0.00,,"(PRODUCED ?, WITH A CANE)",,0.00,0,,,,0.00,,,,0.00,"4x5",,,0.00,,
121,55.20,"SOUTHERN COMFORT",,1985.00,0,0.00,,0.00,3.00,0,2,,,,0.00,,"?(PRODUCED ?)",,0.00,0,,,,0.00,,,,0.00,"4x5",,,0.00,,
122,55.10,"SOUTHERN COMFORT","Small Library Image",1985.00,1,1985.00,"Lupke",0.00,3.00,0,2,,,,0.00,,"(SOLD TO C. LU(E)PKE, W. CODE LIVER OIL)","Claus Lupke",0.00,0,,,,1985.00,"New York","Studio",,0.00,"4x5",,,0.00,"Not sure about 3rd version",3/16/1997 0:00:00
123,33.10,"TABA-BASCO",,1985.00,1,0.00,,0.00,2.00,0,2,,,,0.00,,"(ROLF  MAYER)",,0.00,0,,,,0.00,,,,0.00,"4x5",,,0.00,,
124,33.20,"TABA-BASCO TWO",,1985.00,0,0.00,,0.00,2.00,0,2,,,,0.00,,"(ONE COPY AT JAY GORNEY)",,0.00,0,,,,0.00,,,,0.00,"4x5",,,0.00,,
125,46.10,"TABASCO-TABASCO",,1985.00,0,0.00,,0.00,2.00,0,2,,,,0.00,,"(COL. A.KUBINSKI, W. BIRD AND SKULL)",,0.00,0,,,,0.00,,,,0.00,"4x5",,,0.00,,
126,46.20,"TABSCO-TABASCO",,1985.00,0,0.00,,0.00,2.00,0,2,,,,0.00,,"(COLLECTION L.R.?, W. BIRD & SKULL)",,0.00,0,,,,0.00,,,,0.00,"4x5",,,0.00,,
127,12.00,"THE ALLEGORY OF BAD TIMES",,1982.00,1,1982.00,"OLSEN",1.00,1.00,1,,,,,0.00,"CEILING PIECE","NO","OLSEN",0.00,0,,,"VARIOUS",1983.00,"New York","SUBJECT",,0.00,"4x5","110TH ST. WEST","NONE",0.00,,
128,14.10,"THE ALLEGORY OF THE BEARISH AND THE BULLISH","""Stock Exchnage""",1983.00,1,1990.00,"GORNEY",0.00,2.00,0,,,,,5.00,,"COLLECTION CATALOGUE OF MUSEE D'ART CONTEMPORAIN MONTREAL","MUSEE D'ART CONTEMPORAIN",0.00,0,"Owner is Musee d'Art Contemporain - Montreal (514-847-6220)","Printed form 4x5 Negative",,0.00,,,,0.00,"4x5",,,0.00,,
129,14.20,"THE ALLEGORY OF THE BULLISH AND THE BEARISH","""Stock Exchange""",1983.00,1,0.00,"Olsen",0.00,2.00,0,,,,,4.00,,,,0.00,0,,"Printed form 4x5 Negative","Various",1983.00,"New York","STUDIO",,0.00,"4x5","Bear & Bull","None",0.00,,
130,13.00,"THE ALLEGORY OF THE HORN OF PLENTY",,1983.00,0,0.00,,0.00,1.00,1,,,,,0.00,"Ceiling Piece","No",,0.00,0,,,,1983.00,"New York","SUBJECT",,0.00,"4x5","Drawing","Stock Exchange",0.00,,
131,78.20,"THE ART CONSULTANTS",,1986.00,1,1988.00,"Gorney",0.00,2.00,0,,,,,0.00,,"(?)","Beckman, Ford",0.00,0,,,,0.00,,,,0.00,,,,0.00,,
132,78.10,"THE ART CONSULTANTS",,1986.00,1,1988.00,"Gorney",0.00,2.00,0,,,,,0.00,,"(COL. KUBINSKI)","Lehman Rachel",0.00,0,,,,0.00,,,,0.00,,,,0.00,,
133,68.30,"THE CANASTA GAME",,1986.00,1,0.00,,0.00,3.00,0,,,,,2.00,,"(THE SOSNICKS', PROMISED TO THE BOLTIMORE MUSEUM)",,0.00,0,,,,0.00,,,,0.00,"4x5",,,0.00,,
134,29.20,"THE CHESS PLAYERS",,1984.00,1,1985.00,"KUBINSKI",0.00,2.00,0,,,,,2.00,,"(POMPIDU)","POMPIDU CENTER",0.00,0,"Sold through J.P.Bordaz","Remade end of 1992 in Cologne",,0.00,"NEW YORK","Studio",,0.00,"4x5",,"CHESS BOARD",0.00,,
135,29.10,"THE CHESS PLAYERS",,1984.00,1,0.00,,0.00,2.00,0,,,,,2.00,,,,0.00,0,,,,0.00,"NEW YORK","Studio",,0.00,"4x5","COLUBIA UNI.","CHESS BOARD",0.00,,
136,19.00,"THE CIGAR EATERS",,1983.00,1,0.00,"Kubinski",0.00,1.00,0,,,,,2.00,,"'White catalogue'","Mayer",0.00,0,,,,0.00,,,,0.00,"4x5",,,0.00,,
137,117.00,"THE COIN COLLECTOR","With Stuffed Phesant",1987.00,1,1987.00,"RUMMA",0.00,1.00,0,5,,,,0.00,,"()","?",6000.00,0,,,,0.00,,,,0.00,"4x5",,,0.00,,
138,20.00,"THE DISEASE OF REASON",,1983.00,0,0.00,,0.00,1.00,0,,,,,0.00,,"No",,0.00,0,,"Black & White print",,0.00,,,,0.00,"4x5",,,0.00,,
139,111.00,"THE ECSTASY OF EUGNIO BOUNTEMPO",,1987.00,1,1987.00,"RUMMA",0.00,1.00,0,,,,,0.00,,"(BOUNTEMPO)",,6000.00,0,,,,0.00,,,,0.00,,,,0.00,,
140,115.20,"THE FINANCIERS","THE FINANCIERS",1987.00,1,1987.00,"GORNEY",0.00,2.00,0,1,1,4,14,7.00,,"(6 FIGURES SHOWN IN THE WHITNEY)",,0.00,0,,,,0.00,,,,0.00,,,,0.00,"is date of the Biannual right ?",1/23/1993 0:00:00
141,116.00,"THE GALLERY PROPRIETESS AND HER MOTHER","Lia Rumma and her Mother",1987.00,1,1987.00,"RUMMA",0.00,1.00,0,1,1,2,16,2.00,,"(COL. LIA RUMMA)",,6000.00,0,,,,0.00,,,,0.00,,,,0.00,,
142,76.20,"THE GALLERY PROPRIETESSES",,1986.00,1,0.00,,0.00,2.00,0,,,,,2.00,,"(CABLE GIRLS,)",,0.00,0,,,,0.00,,,,0.00,"4x5",,,0.00,,
143,76.10,"THE GALLERY PROPRIETESSES",,1986.00,1,0.00,,0.00,2.00,0,,,,,2.00,,"(CABLE GIRLS, COL.JACOBS LONDON ? - FROM STUTTGART CAT.)",,0.00,0,,"TWO PRINTS MOUNTED ON ONE PLEXIGLASS PIECE FRAMED IN A BLACK METEL FRAME WITH WOOD SUPPORT",,0.00,,,,0.00,"4x5",,,0.00,,
144,27.10,"THE HISTORY OF PHOTOGRAPHY",,1984.00,1,0.00,,0.00,2.00,0,,,,,1.00,,"(Collection P. ?)",,0.00,0,,,,0.00,,,,0.00,"4x5",,,0.00,,
145,27.20,"THE HISTORY OF PHOTOGRAPHY",,1984.00,1,1985.00,"KUBINSKI",0.00,2.00,0,,,,,1.00,,"(Collection Rold Mayer)","MAYER",1000.00,0,"Part of the ""10""",,,0.00,,,,0.00,"4x5",,,0.00,,
146,61.00,"THE HOLY FAMILY","Peter Bronstein",1986.00,1,0.00,,0.00,1.00,0,,,,,4.00,,"magazine ?",,0.00,0,,,,0.00,,,,0.00,"4x5",,,0.00,,
147,23.00,"THE HORRORS OF EXPRESSIONISM",,1984.00,1,0.00,,0.00,1.00,0,,,,,0.00,,"(Showen at E.Fabre)",,0.00,0,,,,0.00,,,,0.00,"4x5",,,0.00,,
148,4.00,"THE INFORMAL GROUP PORTRAIT OF THE EXCUTIVES OF A WORLD WIDE COMPANY","'Annina'",1981.00,1,1990.00,"NOSEI",1.00,1.00,1,,,,,5.00,,"None","?",0.00,0,"Sold at auction, price and owner unknown","Original print shown unmounted then framed in 1990","RICE BEN-ELI ZEC LANGER POTCHIBUTSKI",1980.00,"NY , ISRAEL","VARIOUS","Shot from 4 4""x5"" originals and 1 layout piece (Zec & billiard table)",0.00,"4x5","NONE","BILLIARD TABLE",0.00,,
149,63.30,"THE MARRIAGE CONTRACT",,1986.00,1,0.00,,0.00,3.00,0,,,,,2.00,,"(A. & C. ARSLNIAN COL. A. DEHIER)",,0.00,0,,,,0.00,,,,0.00,"4x5",,,0.00,,
150,63.20,"THE MARRIAGE CONTRACT",,1986.00,1,0.00,,0.00,3.00,0,,,,,2.00,,"(A. & C. ARSLNIAN COL.STEINBACH)",,0.00,0,,,,0.00,,,,0.00,"4x5",,,0.00,,
151,63.10,"THE MARRIAGE CONTRACT",,1986.00,1,0.00,,0.00,3.00,0,,,,,2.00,,"(A. & C. ARSLNIAN)",,0.00,0,,,,0.00,,,,0.00,"4x5",,,0.00,,
152,84.00,"THE PHILOSOPHER","G. Indiana",1987.00,1,0.00,,0.00,1.00,0,,,,,0.00,,"(GRAY INDIANA SHOWN IN 'WHO'S WHO')",,0.00,0,,,,0.00,,,,0.00,,,,0.00,,
153,70.00,"THE SIBILINGS","Learsy",1986.00,1,1986.00,"GORNEY",0.00,1.00,0,,,,,0.00,,"(R.LEARSY)","LEARSY",0.00,0,,,"LEARSY",0.00,"NEW YORK","Subject",,0.00,"4x5",,,0.00,,
154,88.10,"THE SINGING COMPANY",,1987.00,1,1990.00,"Gorney",0.00,2.00,0,,,,,0.00,,"(SOLD THROUGH GORNEY)","Sabrier",15000.00,10,,,,0.00,,,,0.00,,,,0.00,,
155,66.20,"THE SINGLE EXCUTIVE PORTRAIT #9",,1986.00,1,0.00,,0.00,2.00,0,,,,,1.00,,"(BILL EHRLICH AT THE ISRAELI MUSEUM)",,0.00,0,,,,0.00,,,,0.00,"4x5",,,0.00,,
156,66.10,"THE SINGLE EXCUTIVE PORTRAIT #9",,1986.00,1,0.00,,0.00,2.00,0,,,,,1.00,,"(BILL EHRLICH)",,0.00,0,,,,0.00,,,,0.00,"4x5",,,0.00,,
157,73.20,"THE SINGLE EXCUTIVE PORTRAIT SERIES # 10",,1986.00,0,0.00,,0.00,2.00,0,,,,,1.00,,"(MAX HETXLER 'MAD MAX', produced ?)",,0.00,0,,,,0.00,,,,0.00,"4x5",,,0.00,,
158,73.10,"THE SINGLE EXCUTIVE PORTRAIT SERIES # 10",,1986.00,1,0.00,,0.00,2.00,0,,,,,1.00,,"(MAX HETXLER 'MAD MAX')",,0.00,0,,,,0.00,,,,0.00,"4x5",,,0.00,,
159,5.20,"The Singel Excutive Portriat Series #1","The Eulogy of Jim Mahony",1981.00,1,1991.00,"AUCTION,JACOBS",0.00,3.00,0,,,,,1.00,"Figure sitted",,"?",3000.00,0,,,"MAHONY",1981.00,"NEW YORK","STUDIO",,0.00,"4x5","YMCA-1","NONE",4.00,,
160,5.10,"The Singel Excutive Portriat Series #1","The Eulogy of Jim Mahony",1981.00,1,1991.00,"AUCTION",0.00,3.00,0,,,,,1.00,,,"?",3000.00,0,"Sold at acution to a collector who donated the work to a museum...",,"MAHONY",1981.00,"NEW YORK","STUDIO",,0.00,"4x5","YMCA-1","NONE",0.00,,
161,5.30,"The Singel Excutive Portriat Series #1","The Eulogy of Jim Mahony",1981.00,1,1984.00,"KUBINSKI",0.00,3.00,0,,,,,1.00,,,"RALF & ?",4500.00,0,"Price in 1984 was 9000DM sold to owners of advertising agency",,"MAHONY",1981.00,"NEW YORK","STUDIO",,0.00,"4x5","YMCA-1","NONE",0.00,,
162,90.00,"THE SINGLE EXECUTIVE SEREIS #12","Heiting",1987.00,1,0.00,,0.00,1.00,0,,,,,0.00,,"(HITING - POLARIOD EXECUTIVE)",,0.00,0,,,,0.00,,,,0.00,,,,0.00,,
163,6.10,"AN UNTITLED GROUP PORTRAIT OF EXECUTIVES","YMCA 3 windows",1982.00,1,1984.00,"KUBINSKI",0.00,2.00,0,,,,,3.00,"THE BACKGROUND HAS 4 WINDOWS",,"KUBINSKI",1000.00,0,,,"VARIOUS",0.00,,"STUDIO",,0.00,"4x5","YMCA-2","NONE",0.00,,
164,6.20,"AN UNTITLED GROUP PORTRAIT OF EXECUTIVES",,1982.00,1,1982.00,"LACHOWSKY",0.00,2.00,0,,,,,0.00,"THE BACKGROUND HAS 3 WINDOWS",,"PRIVET COL. BELGIUM",0.00,0,,,"VARIOUS",0.00,,"NEW YORK",,0.00,"4x5","YMCA-2","NONE",0.00,,
165,57.30,"THE WELL TEMPERED GOVERNER",,1986.00,1,0.00,,0.00,3.00,0,,,,,1.00,,"(SOLD TO THE PRODUCENT G. FRONAL VIEW)",,0.00,0,,,,0.00,,,,0.00,"4x5",,,0.00,,
166,57.20,"THE WELL TEMPERED GOVERNER",,1986.00,1,0.00,,0.00,3.00,0,,,,,1.00,,"(SOLD TO THE PRODUCENT G. W. VIOLIN)",,0.00,0,,,,0.00,,,,0.00,"4x5",,,0.00,,
167,57.10,"THE WELL TEMPERED GOVERNER",,1986.00,1,0.00,,0.00,3.00,0,,,,,1.00,,"(SOLD TO THE PRODUCENT G. W. VIOLIN)",,0.00,0,,,,0.00,,,,0.00,"4x5",,,0.00,,
168,89.00,"TWO CHILDEREN BY A FIRE PLACE","Zwirner",1987.00,1,1987.00,"KUBINSKI",0.00,1.00,0,,,,,2.00,,"(MARGARET ZWIRENS FIRST)","ZWIRENS",0.00,0,,"PRODUCED SEPTEMBER 1992","ZWIRENS",1987.00,"MUNICH","SUBJECT",,0.00,"4x5","FIRE PLACE","NONE",0.00,,
169,30.00,"UNTITLED GROUP PORTRAIT (THREE EXCUTIVES)"," & Wool Sr.",1985.00,0,0.00,,0.00,1.00,0,,,,,0.00,,"(Made in Cable gallery)",,0.00,0,,,"WOOL",1985.00,"NEW YORK","Studio",,0.00,"4x5","COLUBIA UNI.","TABLE",0.00,,
170,118.00,"UNTITLED LANDSCAPE # 1","'Meadowlands'",1986.00,1,1986.00,"Gorney",0.00,1.00,0,,,,,0.00,,"Corporate Landscape","Lautenberg",0.00,0,"Senator - D NJ",,"X",1986.00,"NEW JERSEY","X",,1.00,"4x5","X","X",1.00,,
171,126.00,"UNTITLED LANDSCAPE # 10",,1987.00,1,1988.00,"LEAVIN MARGO",0.00,1.00,0,,,,,0.00,,"OK TO SCAN DUPE","?",0.00,0,,,"X",1987.00,"NEVADA","X","ORIGINAL ? EXISTS 35MM DUPE",0.00,"35mm","X","X",0.00,,
172,127.00,"UNTITLED LANDSCAPE # 11",,1987.00,1,1987.00,"GORNEY",0.00,1.00,0,,,,,0.00,,"OK TO SCAN DUPE","GOLDBERG",0.00,0,,,"X",1987.00,"NEVADA","X","ORIGINAL ? EXISTS 35MM DUPE",0.00,"35mm","X","X",0.00,,
173,128.00,"UNTITLED LANDSCAPE # 12",,1987.00,1,1988.00,"LEAVIN",0.00,1.00,0,,,,,0.00,,"OD TO SCAN DUPE","?",0.00,0,,,"X",1987.00,"NEVADA","X","ORIGINAL ? EXISTS 35MM DUPE",0.00,"35mm","X","X",0.00,,
174,129.00,"UNTITLED LANDSCAPE # 13",,1987.00,1,1987.00,"GORNEY",0.00,1.00,0,,,,,0.00,,,"CHASE MANHATTAN BANK",0.00,0,,,"X",0.00,,,"LOOK FOR IMAGE (GORNEY)",0.00,"35mm",,,0.00,,
175,130.00,"UNTITLED LANDSCAPE # 14",,1988.00,1,0.00,"AFR ?",0.00,1.00,0,,,,,0.00,,"OK TO SCAN","?",0.00,0,,,"X",1987.00,"NEVADA","X","4X5 ORIGINAL",1.00,"4x5","X","X",0.00,,
176,119.00,"UNTITLED LANDSCAPE # 2",,1986.00,1,1986.00,"KUBINSKI",0.00,1.00,0,,,,,0.00,,"(KUBINSKI.  OK SCAN)","?",0.00,0,,,"X",1986.00,"JERUSALEM","X","ORIGINAL ? IS THERE A NEGATIVE ? EXISTS SMALL PRINT (11X14"")",0.00,"4x5","X","X",0.00,,
177,120.00,"UNTITLED LANDSCAPE # 3",,1987.00,1,1986.00,"KUBINSKI",0.00,1.00,0,,,,,0.00,,"(KUBINSKI OK SCAN)","KUBINSKI",0.00,0,,,"X",1986.00,"JERUSALEM","X","ORIGINAL ? EXISTS 35MM. DUPE",0.00,"4x5","X","X",0.00,,
178,121.00,"UNTITLED LANDSCAPE # 4",,1987.00,1,0.00,,0.00,1.00,0,,,,,0.00,,"OK SCAN (CAT.)",,0.00,0,,,"X",1986.00,"CALIFORNIA","X","ORIGINAL ?",0.00,"4x5","X","X",0.00,,
179,122.00,"UNTITLED LANDSCAPE # 5",,1987.00,1,0.00,,0.00,1.00,0,,,,,0.00,,"OK SCAN CAT.",,0.00,0,,,"X",1986.00,"CALIFORNIA","X","ORIGINAL ?",0.00,"4x5","X","X",0.00,,
180,123.00,"UNTITLED LANDSCAPE # 7",,1987.00,0,0.00,"GORNEY",0.00,1.00,0,,,,,0.00,,"OK SCAN","GORNEY",0.00,0,"STOLEN",,"X",1987.00,"CALIFORNIA","X","ORIGINAL ? EXISTS 35MM DUPE",0.00,"35mm","X","X",0.00,,
181,124.00,"UNTITLED LANDSCAPE # 8",,1987.00,0,0.00,"GORNEY",0.00,1.00,0,,,,,0.00,,"STOLEN OK SCAN DUPE","GORNEY",0.00,0,"STOLEN",,"X",1987.00,"CALIFORNIA","X","ORIGINAL ? EXISTS 35MM DUPE",0.00,"35mm","X","X",0.00,,
182,125.00,"UNTITLED LANDSCAPE # 9",,1987.00,1,1987.00,"GORNEY",0.00,1.00,0,,,,,0.00,,"OK TO SCAN DUPE","ARTHUR GOLDBERG",0.00,0,,,"X",1987.00,"NEVADA","X","ORIGINAL ? EXISTS 35MM DUPE",0.00,"35mm","X","X",0.00,,
183,132.00,"UNTITLED LANDSCAPE #15",,1987.00,0,0.00,,0.00,1.00,0,,,,,0.00,,"IMAGE UNKNOWN","?",0.00,0,,,,0.00,"JERUSALEM",,,0.00,"4x5",,,0.00,,
184,133.00,"UNTITLED LANDSCAPE #16",,1987.00,1,0.00,"LEAVIN",0.00,1.00,0,,,,,0.00,,"OK TO SCAN DUPE","?",0.00,0,,,"X",1987.00,"NEVADA","X","ORIGINAL ? EXISTS 35MM DUPE",0.00,"35mm","X","X",0.00,,
185,134.00,"UNTITLED LANDSCAPE #17",,1988.00,1,0.00,"LEAVIN",0.00,1.00,0,,,,,0.00,,"NO IMAGE","?",0.00,0,,,"X",0.00,"X","X","ORIGINAL ?  NO IMAGE",0.00,,"X","X",0.00,"Uncertain date (1988)",
186,135.00,"UNTITLED LANDSCAPE #18",,1988.00,1,1989.00,"GUENZANI",0.00,1.00,0,,,,,0.00,,"OK TO SCAN","?",0.00,0,,,"X",1986.00,"CALIFORNIA","X",,1.00,"4x5","X","X",0.00,"Uncertain date (1988)",
187,136.00,"UNTITLED LANDSCAPE #19",,1988.00,0,0.00,,0.00,1.00,0,,,,,0.00,,"NO IMAGE","?",0.00,0,,,"X",0.00,"?","X","ORIGINAL ? LOOK AT INSTALLATION SHOT HUSSENOT",0.00,"35mm","X","X",0.00,"Uncertain date (1988)",
188,137.00,"UNTITLED LANDSCAPE #20",,1988.00,0,0.00,"KUBINSKI ?",0.00,1.00,0,,,,,0.00,,"OK TO SCAN DUPE","?",0.00,0,,,"X",1987.00,"AUSTRIA","X","ORIGINAL ? EXISTS 4X5 DUPE",0.00,"35mm","X","X",0.00,"Uncertain date (1988)",
189,138.00,"UNTITLED LANDSCAPE #21",,1988.00,1,0.00,"KUBINSKI ?",0.00,1.00,0,,,,,0.00,,"OK TO SCAN DUPE","?",0.00,0,,,"X",1986.00,"CALIFORNIA","X","ORIGINAL ? EXISTS 4X5 DUPE",0.00,"35mm","X","X",0.00,"Uncertain date (1988)",
190,139.10,"UNTITLED LANDSCAPE #22",,1989.00,1,1989.00,"NONE",0.00,2.00,0,,,,,0.00,,"OK TO SCAN 'NIGHTSCAPE'","BORDEAUX CAPC",0.00,0,"GIFT TO CAPC FORM C&G",,"X",1989.00,"BORDEAUX","X",,1.00,"4x5","X","X",0.00,,
191,140.00,"UNTITLED LANDSCAPE #23",,1986.00,1,0.00,"KUBINSKI",0.00,1.00,0,,,,,0.00,,"OK TO SCAN","KUBINSKI",0.00,0,,,"X",1986.00,"CALIFORNIA","X","EXISTS 2 5X7 DUBES",0.00,"35mm","X","X",0.00,,
192,141.00,"UNTITLED LANDSCAPE #24",,1986.00,1,0.00,"KUBINSKI",0.00,1.00,0,,,,,0.00,,"OK TO SCAN","KUBINSKI",0.00,0,,,"X",1986.00,"AM. WEST","X","EXISTS 2 5X7 DUPES",0.00,"35mm","X","X",0.00,,
193,142.00,"UNTITLED LANDSCAPE #25",,1986.00,1,0.00,"KUBINSKI",0.00,1.00,0,,,,,0.00,,"OK TO SCAN","?",0.00,0,,,"X",1986.00,"AM. WEST","X","EXISTS 2 5X7 DUPES",0.00,"35mm","X","X",0.00,,
194,143.00,"UNTITLED LANDSCAPE #26",,0.00,1,0.00,"?",0.00,1.00,0,,,,,0.00,,"NO IMAGE","G. PERSANO GALLERY",0.00,0,,,"X",0.00,"0","X","NO SLIDE OR TRANSPARENCY",0.00,"35mm","X","X",0.00,,
195,144.00,"UNTITLED LANDSCAPE #27",,1986.00,1,0.00,"KUBINSKI",0.00,1.00,0,,,,,0.00,,"OK TO SCAN","KUBINSKI",0.00,0,,,"X",1986.00,"AM. WEST","X","NO ORIGINIAL/ 2 DUPES 5X7",0.00,"35mm","X","X",0.00,,
196,146.00,"UNTITLED LANDSCAPE #28",,1989.00,1,0.00,"JAY GORNEY",0.00,1.00,0,,,,,0.00,,"NO IMAGE","JAY GORNEY",0.00,0,,,"X",1986.00,"AM. WEST","X","NO ORGIGINAL/ NO TRANSPARENCIES",0.00,"35mm","X","X",0.00,,
197,147.00,"UNTITLED LANDSCAPE #29",,1989.00,1,0.00,"KUBINSKI",0.00,1.00,0,,,,,0.00,,"OK TO SCAN","ACHIM KUBINSKI",0.00,0,,,"X",1989.00,"VIENNA","X","ONE 5X7 AND ONE 4X5, ORIGINAL ?",2.00,"4x5","X","X",0.00,,
198,148.00,"UNTITLED LANDSCAPE #30",,1989.00,1,0.00,"KUBINSKI",0.00,1.00,0,,,,,0.00,,"OK TO SCAN","ACHIM KUBINSKI",0.00,0,,,"X",1989.00,"VIENNA","X","TWO 4X5 AND TWO 5X7 - ORIGINAL?",4.00,"4x5","X","X",0.00,,
199,149.00,"UNTITLED LANDSCAPE #31",,1989.00,1,0.00,"KUBINSKI",0.00,1.00,0,,,,,0.00,,"OK TO SCAN","ACHIM KUBINSKI",0.00,0,,,"X",1989.00,"VIENNA","X","TWO 5X7 AND ONE 4X5 - ORIGINAL?",3.00,"4x5","X","X",0.00,,
200,150.00,"UNTITLED LANDSCAPE #32",,1989.00,1,0.00,"NORDANSTAD-SKARSTEDT",0.00,1.00,0,,,,,0.00,,"OK TO SCAN","? SWEDEN",0.00,0,,,"X",1986.00,"WEST AMERICA","X","NO ORIGINAL. TWO 5X7 AND ONE 35MM",3.00,"35mm","X","X",0.00,,
201,151.00,"UNTITLED LANDSCAPE #33",,1989.00,1,0.00,"KUBINSKI",0.00,1.00,0,,,,,0.00,,"OK TO SCAN","?",0.00,0,,,"X",1986.00,"WEST AMERICA","X","NO ORIGINAL. TWO 5X7",2.00,"35mm","X","X",0.00,,
202,152.00,"UNTITLED LANDSCAPE #34",,1989.00,1,0.00,"KUBINSKI",0.00,1.00,0,,,,,0.00,,"OK TO SCAN","KUBINSKI",0.00,0,,,"X",198.00,,"X","NO ORIGINAL. FOUR 5X7",4.00,"35mm","X","X",0.00,,
203,153.00,"UNTITLED LANDSCAPE #35",,1989.00,1,0.00,"KUBINSKI",0.00,1.00,0,,,,,0.00,,"NO IMAGE","PPS GUNDLACH",0.00,0,,,"X",1988.00,,"X","NO ORIGINAL. NO TRANSPARENCY",0.00,"35mm","X","X",0.00,,
204,154.00,"UNTITLED LANDSCAPE #36",,1989.00,1,0.00,"KUBINSKI",0.00,1.00,0,,,,,0.00,,"NO IMAGE","KUBINSKI",0.00,0,,,"X",19.00,,"X","NO ORIGINAL. NO TRANSPARENCY",0.00,"35mm","X","X",0.00,,
205,155.00,"UNTITLED LANDSCAPE #37",,1989.00,1,0.00,"KUBINSKI",0.00,1.00,0,,,,,0.00,,"OK TO SCAN","PPS GUNDLACH",0.00,0,,,"X",1986.00,"WEST AMERICA","X","TWO ORIGINALS AND FIVE 5X7",7.00,"35mm","X","X",0.00,,
206,156.00,"UNTITLED LANDSCAPE #38",,0.00,1,0.00,"KUBINSKI",0.00,1.00,0,,,,,0.00,,"OK TO SCAN SEE ALSO #57 SAM IMAGE","KUBINSKI",0.00,0,,,"X",19.00,,"X","NO INFORAMTION AT ALL - CARD IS MISSING",0.00,"35mm","X","X",0.00,,
207,157.00,"UNTITLED LANDSCAPE #39",,1989.00,1,0.00,"ACHIM KUBINSKI",0.00,1.00,0,,,,,0.00,,"OK TO SCAN","0?",0.00,0,,,"X",1989.00,"AUSTRIA ?","X","TWO 35MM AND TWO 5X7 - NO ORIGINAL",4.00,"35mm","X","X",0.00,,
208,158.00,"UNTITLED LANDSCAPE #40",,1989.00,1,0.00,"ACHIM KUBINSKI",0.00,1.00,0,,,,,0.00,,"NO IMAGE","KUBINSKI",0.00,0,,,"X",19.00,,"X","NO IMAGE",0.00,"35mm","X","X",0.00,,
209,159.00,"UNTITLED LANDSCAPE #41",,1989.00,1,0.00,"PERSANO GALLERY",0.00,1.00,0,,,,,0.00,,"OK TO SCAN","?",0.00,0,,,"X",1989.00,"AUSTRIA","X","ONE 35MM AND TWO 5X7 - NO ORIGINAL",3.00,"35mm","X","X",0.00,,
210,160.00,"UNTITLED LANDSCAPE #42",,1989.00,1,0.00,"KUBINSKI",0.00,1.00,0,,,,,0.00,,"OK TO SCAN","?",0.00,0,,,"X",1989.00,"AUSTRIA","X","NO ORIGINAL - TWO 5X7",2.00,"35mm","X","X",0.00,,
211,161.00,"UNTITLED LANDSCAPE #43",,1989.00,1,0.00,"KUBINSKI",0.00,1.00,0,,,,,0.00,,"OK TO SCAN","KUBINSKI",0.00,0,,,"X",1988.00,"AUSTRIA","X","NO ORIGINAL - TWO 5X7",2.00,"35mm","X","X",0.00,,
212,162.00,"UNTITLED LANDSCAPE #44",,1989.00,1,0.00,"KUBINSKI",0.00,1.00,0,,,,,0.00,,"OK TO SCAN","?",0.00,0,,,"X",1988.00,"AUSTRIA","X","NO ORIGINAL - TWO 5X7",2.00,"35mm","X","X",0.00,,
213,163.00,"UNTITLED LANDSCAPE #45",,1989.00,1,0.00,"PERSANO GALLERY",0.00,1.00,0,,,,,0.00,,"OK TO SCAN","?",0.00,0,,,"X",1989.00,"AUSTRIA","X","NO ORIGINAL - TWO 5X7",2.00,"35mm","X","X",0.00,,
214,164.00,"UNTITLED LANDSCAPE #46",,1989.00,1,0.00,"PERSANO GALLERY",0.00,1.00,0,,,,,0.00,,"OK TO SCAN","?",0.00,0,,,"X",1989.00,"AUSTRIA","X","NO ORIGINAL - TWO 5X7",2.00,"35mm","X","X",0.00,,
215,165.00,"UNTITLED LANDSCAPE #47",,1989.00,1,0.00,"PERSANO GALLERY",0.00,1.00,0,,,,,0.00,,"NO IMAGE","?",0.00,0,,,"X",19.00,,"X","NO IMAGE",0.00,"35mm","X","X",0.00,,
216,166.00,"UNTITLED LANDSCAPE #48",,1989.00,1,0.00,"PERSANO GALLERY",0.00,1.00,0,,,,,0.00,,"OK TO SCAN","?",0.00,0,,,"X",1989.00,"AUSTRIA","X","NO ORIGINAL - ONE 5X7",1.00,"35mm","X","X",0.00,,
217,167.00,"UNTITLED LANDSCAPE #49",,1989.00,1,0.00,"KUBINSKI",0.00,1.00,0,,,,,0.00,,"NO IMAGE SECOND VERSION OF #28","KUBINSKI",0.00,0,,,"X",19.00,,"X","NO IMAGE; NOTE IT IS SECOND VERSION OF LAPPLAND #28",0.00,"35mm","X","X",0.00,,
218,168.00,"UNTITLED LANDSCAPE #50",,1989.00,1,0.00,"KUBINSKI",0.00,1.00,0,,,,,0.00,,"NO IMAGE SECOND VERSION OF #22 BUT IMAGE OF #22","?",0.00,0,,,"X",1989.00,"BORDEAUX","X","NO IMAGE; NOTE IT IS SECOND VERSION OF #22",0.00,"35mm","X","X",0.00,,
219,139.20,"UNTITLED LANDSCAPE #51",,1989.00,1,0.00,"KUBINSKI",0.00,2.00,0,,,,,0.00,,"NO IMAGE , 'NIGHTSCAPE'","?",0.00,0,,"This version is smaller than 'Untitled Landscape #22'","X",1989.00,"BORDEAUX","X","NO IMAGE;",0.00,"4x5","X","X",0.00,,
220,170.00,"UNTITLED LANDSCAPE #52",,1990.00,1,0.00,"LIA RUMMA",0.00,1.00,0,,,,,0.00,,"NO TRANSPARENCIES","?",0.00,0,,,"X",19.00,,"X","NO IMAGE;",0.00,"35mm","X","X",0.00,,
221,171.00,"UNTITLED LANDSCAPE #53",,1990.00,1,0.00,"LIA RUMMA",0.00,1.00,0,,,,,0.00,,"ONLY SLIDE","?",0.00,0,,,"X",1987.00,,"X","ONE 35MM",1.00,"35mm","X","X",0.00,,
222,172.00,"UNTITLED LANDSCAPE #54",,1990.00,1,0.00,"LIA RUMMA",0.00,1.00,0,,,,,0.00,,"ONLY SLIDE","?",0.00,0,,,"X",1987.00,,"X","ONE 35MM",1.00,"35mm","X","X",0.00,,
223,173.00,"UNTITLED LANDSCAPE #55",,0.00,1,0.00,"LIA RUMMA",0.00,1.00,0,,,,,0.00,,"ONLY SLIDE","?",0.00,0,,,"X",1987.00,,"X","ONE 35MM",1.00,"35mm","X","X",0.00,,
224,174.00,"UNTITLED LANDSCAPE #56",,0.00,1,0.00,"LIA RUMMA",0.00,1.00,0,,,,,0.00,,"ONLY SLIDE","?",0.00,0,,,"X",1990.00,,"X","ONE 35MM",1.00,"35mm","X","X",0.00,,
225,175.00,"UNTITLED LANDSCAPE #57",,1990.00,0,0.00,"GORNEY",0.00,1.00,0,,,,,0.00,,"O.K. TO SCAN SAME IMAGE AS #38","GORNEY",0.00,0,"WAS CONSINED TO MARGO LEAVIN",,"X",1989.00,"AUSTRIA","X","ONE 35MM ONE 4X5 AND THREE 5X7",55.00,"35mm","X","X",0.00,,
226,176.00,"UNTITLED LANDSCAPE #58","'Athens'",1990.00,1,0.00,"JAY GORNEY",0.00,1.00,0,,,,,0.00,,"O.K. TO SCAN","ARTHUR GOLDBERG?",0.00,0,,,"X",1990.00,"NONSCAPE","X","ONE 4X5",1.00,"35mm","X","X",0.00,,
227,177.00,"UNTITLED LANDSCAPE #59","'Athens'",1990.00,0,0.00,"JAY GORNEY (STORAGE)",0.00,1.00,0,,,,,0.00,,"O.K. TO SCAN","CLEGG & GUTTMANN",0.00,0,,"Print at JGMA to be shipped to C&G","X",1990.00,"NONSCAPE","X","ONE 5X7 ORIGINAL",1.00,"4x5","X","X",0.00,,
228,131.00,"UNTITLED LANDSCAPE #NUMBER",,1987.00,1,1987.00,"GORNEY",0.00,1.00,0,,,,,0.00,,,"FEIWEL",0.00,0,,,"X",0.00,"?","X","ORIGINAL ? IMAGE ?",0.00,"4x5","X","XX",0.00,,
229,178.00,"UNTITLED LANDSCAPE #60","'Athens'",1990.00,1,890.00,"JAY GORNEY",0.00,1.00,0,,,,,0.00,,"O.K. TO SCAN","DAKIS",0.00,0,,,"X",1990.00,"NONSCAPE","X","ONE 5X7 ORIGINAL",1.00,"4x5","X","X",0.00,,
230,179.00,"UNTITLED LANDSCAPE #61",,1989.00,1,0.00,"AKIRA IKEDA",0.00,1.00,0,,,,,0.00,,"O.K. TO SCAN MUST BE SAME IMAGE AS #62","?",0.00,0,,,"X",1989.00,,"X","ORIGNIAL = 4X5 TWO 4X5 AND 2 NEGATIVES",5.00,"4x5","X","X",0.00,,
231,180.00,"UNTITLED LANDSCAPE #62",,1989.00,1,0.00,"AKIRA IKEDA",0.00,1.00,0,,,,,0.00,,"O.K. TO SCAN MUST BE SAME IMAGE AS #61","?",0.00,0,,,"X",1989.00,,"X","ORIGNIAL = 4X5 TWO 4X5 AND 2 NEGATIVES",5.00,"4x5","X","X",0.00,,
232,181.00,"UNTITLED LANDSCAPE #63",,0.00,1,0.00,"AKIRA IKEDA",0.00,1.00,0,,,,,0.00,,"NO IMAGE ASK MARGO LEAVIN","?",0.00,0,,,"X",19.00,,"X","NO IMAGE - ASK MARGO LEAVIN",0.00,"35mm","X","X",0.00,,
233,182.00,"UNTITLED LANDSCAPE #64",,0.00,1,0.00,"AKIRA IKEDA",0.00,1.00,0,,,,,0.00,,"NO IMAGE ASK MARGO LEAVIN","?",0.00,0,,,"X",19.00,,"X","NO IMAGE - ASK MARGO LEAVIN",0.00,"35mm","X","X",0.00,,
234,183.00,"UNTITLED LANDSCAPE #65",,0.00,1,0.00,"AKIRA IKEDA",0.00,1.00,0,,,,,0.00,,"NO IMAGE ASK MARGO LEAVIN","?",0.00,0,,,"X",19.00,,"X","NO IMAGE - ASK MARGO LEAVIN",0.00,"35mm","X","X",0.00,,
235,184.00,"UNTITLED LANDSCAPE #66",,1989.00,1,0.00,"JAY GORNEY",0.00,1.00,0,,,,,0.00,,"ONLY SLIDE","JOSHUA SMITH",0.00,0,,,"X",1989.00,,"X","NO TRANSPARENCIES",0.00,"35mm","X","X",0.00,,
236,185.00,"UNTITLED LANDSCAPE #67",,1990.00,1,0.00,"JAY GORNEY",0.00,1.00,0,,,,,0.00,,"NO IMAGE","CLEGG & GUTTMANN",0.00,0,"CONSIGNMENT AT MARGO LEAVIN",,"X",1990.00,,"X","NO TRANSPARENCIES",0.00,"35mm","X","X",0.00,,
237,187.00,"UNTITLED LANDSCAPE #68",,1990.00,0,0.00,"JAY GORNEY",0.00,1.00,0,,,,,0.00,,"NO IMAGE","CLEGG & GUTTMANN",0.00,0,"CONSIGNMENT AT MARGO LEAVIN",,"X",1990.00,,"X","NO TRANSPARENCIES",0.00,"35mm","X","X",0.00,"send to Margo Leavin Untitled Landscapes # 69, 70, 71 slides will be sent back",1/29/1993 0:00:00
238,32.10,"WILD PALMS",,1985.00,1,1985.00,"Kubinski",0.00,2.00,0,2,,,,0.00,,"(C-PRINT)","Kubinski",500.00,0,"should be redone",,,0.00,,,,0.00,"4x5",,,0.00,,
239,32.20,"WILD PALMS",,1985.00,1,0.00,,0.00,2.00,0,2,,,,0.00,"Small Version","(AT A.KUBINSKI)",,0.00,0,,,,0.00,,,,0.00,"4x5",,,0.00,,
240,189.10,"220-225 ReLIGION - BIBLE","THE FREE PUBLIC LIBRARY #1",1990.00,0,,,,2.00,0,,,,,,,,,,,,,,,,,,,,,,0.00,,
241,191.00,"001","THE FREE PUBLIC LIBRARY # 3",1990.00,1,,,,1.00,0,,,,,,,,,,,,,,1990.00,"New Jersey","Subject",,,"4x5",,,0.00,"there are errors in catalogue listing
input correct name form JGMA records",
242,189.20,"220-225 ReLIGION - BIBLE","THE FREE PUBLIC LIBRARY #1",1990.00,1,1991.00,"C&G",,2.00,0,,,,,,"Large version of 189,1",,"KIPPENBERGER",0.00,,"Exchange with Martin Kippenberger",,,,,,,,,,,0.00,,
243,190.00,"641-643 TECHNOLOGY - DOMESTIC ARTS & FAMILY LIVING","THE FREE PUBLIC LIBRARY #2",1990.00,0,,,,1.00,0,,,,,,,,,,,,"At JGMA to be shipped to C&G",,,,,,,,,,0.00,,
244,59.20,"A MATRIMONIAL PORTRAIT","J & C Kosuth",1990.00,1,,"None",,2.00,0,,,,,2.00,,"No","Kosuth",0.00,0,"Wedding Present",,,,,,,,,,,0.00,,
245,28.10,"A Family portrait","Taffels",1984.00,1,,,,2.00,0,,,,,4.00,,,,,,,,"TAFFEL",1985.00,"STUTTGART","Subject",,,"4x5",,,0.00,,
246,28.20,"a family portrait","Taffels",1984.00,0,0.00,"GORNEY",,2.00,0,,,,,2.00,,,"C&G",0.00,,"Print on consignment at JGMA","At JGMA to be shipped to C&G","TAFFEL",1985.00,"STUTTGART","Subject",,,"4x5",,,0.00,,
247,192.00,"THE FREE PUBLIC LIBRARY NUMBER 4",,1990.00,1,,,,1.00,0,,,,,,,,,,,,,,1990.00,"New Jersey","Subject",,,"4x5",,,0.00,,
248,193.00,"THE FREE PUBLIC LIBRARY NUMBER 5",,1990.00,1,,,,1.00,0,,,,,,,,,,,,,,1990.00,"New Jersey","Subject",,,"4x5",,,0.00,,
249,194.00,"THE FREE PUBLIC LIBRARY NUMBER 6",,1990.00,1,,,,1.00,0,,,,,,,,,,,,,,1990.00,"New Jersey","Subject",,,"4x5",,,0.00,,
250,195.00,"THE FREE PUBLIC LIBRARY NUMBER 7",,1990.00,1,,,,1.00,0,,,,,,,,,,,,,,1990.00,"New Jersey","Subject",,,"4x5",,,0.00,,
251,196.00,"THE FREE PUBLIC LIBRARY NUMBER 8",,1990.00,1,,,,1.00,0,,,,,,,,,,,,,,1990.00,"New Jersey","Subject",,,"4x5",,,0.00,,
252,197.00,"THE FREE PUBLIC LIBRARY NUMBER 9",,1990.00,1,,,,1.00,0,,,,,,,,,,,,,,1990.00,"New Jersey","Subject",,,"4x5",,,0.00,,
253,198.00,"THE FREE PUBLIC LIBRARY NUMBER 10",,1990.00,1,,,,1.00,0,,,,,,,,,,,,,,1990.00,"New Jersey","Subject",,,"4x5",,,0.00,,
254,500.10,"Assembly of Deans","New School",,1,,,,2.00,1,1,1,4,16,,,,,,,,,,,,,,,,,,0.00,,
257,500.20,"Assembly of Deans","New School",,0,,,,,0,,,,,,,,,,,,,,,,,,,,,,0.00,,
260,43.20,"Qunik Qunik",,1985.00,0,,,,,0,2,,,,,,,,,,,,,,,,,,,,,0.00,"on consignment to Emi Fontan 5/8/95",5/8/1995 0:00:00
261,300.00,"Portait of a Lady Looking at the Light","Jenny Goetz",1994.00,0,,,,1.00,0,,,,,1.00,"through David Maupin",,,,,"Piece is stored at Nagel Gallery","at Nagel","Jenny Goetz",1994.00,"Munich","Subject","final is a composit of two trans. light + subject, the print is retouched in the face area",4.00,"4x5","None","Light",0.00,,1/17/1996 0:00:00
262,500.30,"Library Associations",,1988.00,1,,,,,0,2,,,,,,,,,,,,,,,,,,,,,0.00,,11/22/1997 0:00:00
263,301.90,"TWO AND FOUR","Collabortation with Franz West",1990.00,1,,,,0.00,0,1,3,2,,2.00,,,,,,,,"Franz West and Asistent",1990.00,"Vienna","Subject",,10.00,"4x5",,"2 Steel Chairs + 2 N",0.00,"see descriptions",7/26/1999 0:00:00
